Customer ID,Age,Age period,Gender,Location,Membership Type,Purchase Count,Total Spend ($),Last Purchase Date,Churned
1,62,60-75,Male,New York,Bronze,16,3663,11/04/2023,FALSE
2,65,60-75,Male,Los Angeles,Bronze,2,4237,22/11/2023,FALSE
3,18,15-30,Male,Miami,Gold,10,803,05/11/2023,FALSE
4,21,15-30,Male,New York,Bronze,7,3207,31/08/2023,FALSE
5,21,15-30,Male,Los Angeles,Bronze,13,2356,01/07/2024,FALSE
6,57,45-60,Male,Chicago,Gold,16,2232,25/12/2023,FALSE
7,27,15-30,Male,Los Angeles,Gold,19,4839,14/11/2023,FALSE
8,37,30-45,Male,New York,Bronze,14,3409,23/09/2023,FALSE
9,39,30-45,Male,Miami,Gold,2,3116,21/12/2023,FALSE
10,68,60-75,Male,Miami,Gold,15,3516,21/10/2023,FALSE
11,54,45-60,Male,Miami,Silver,9,802,13/02/2024,FALSE
12,41,30-45,Female,New York,Bronze,5,1348,08/10/2023,FALSE
13,24,15-30,Male,Chicago,Bronze,15,4903,01/04/2024,FALSE
14,42,30-45,Female,Miami,Bronze,14,3811,07/01/2023,TRUE
15,42,30-45,Female,Houston,Bronze,15,2851,09/12/2023,FALSE
16,30,30-45,Male,Chicago,Bronze,1,1849,07/01/2023,FALSE
17,19,15-30,Male,Los Angeles,Gold,19,4785,06/08/2023,TRUE
18,56,45-60,Female,Houston,Bronze,6,4292,03/02/2024,FALSE
19,57,45-60,Male,Chicago,Bronze,19,3790,27/08/2023,FALSE
20,41,30-45,Male,New York,Silver,10,3177,18/01/2024,FALSE
21,64,60-75,Male,Houston,Gold,2,1292,16/04/2024,FALSE
22,42,30-45,Female,Chicago,Bronze,9,1265,23/02/2024,FALSE
23,35,30-45,Female,Chicago,Bronze,9,4223,07/05/2023,FALSE
24,55,45-60,Male,Chicago,Bronze,8,4742,26/09/2023,FALSE
25,43,30-45,Male,Chicago,Bronze,19,1691,06/10/2023,FALSE
26,31,30-45,Female,Miami,Gold,18,861,28/05/2023,FALSE
27,26,15-30,Male,Houston,Silver,11,3216,04/05/2024,FALSE
28,27,15-30,Male,Chicago,Silver,12,4939,10/07/2023,FALSE
29,38,30-45,Male,Los Angeles,Bronze,2,1300,18/12/2023,FALSE
30,69,60-75,Female,Chicago,Silver,2,467,02/01/2024,FALSE
31,34,30-45,Male,Miami,Silver,7,629,06/11/2023,FALSE
32,69,60-75,Female,Houston,Silver,7,452,19/10/2023,TRUE
33,23,15-30,Male,Houston,Silver,6,1628,29/11/2023,TRUE
34,33,30-45,Male,Chicago,Silver,5,3908,29/09/2023,FALSE
35,65,60-75,Female,Chicago,Gold,3,1903,27/02/2024,FALSE
36,18,15-30,Male,Los Angeles,Gold,9,1550,13/03/2024,TRUE
37,36,30-45,Female,Houston,Gold,9,4906,08/03/2023,FALSE
38,53,45-60,Female,Houston,Silver,17,3382,28/01/2024,TRUE
39,42,30-45,Male,Houston,Gold,8,901,21/12/2023,FALSE
40,67,60-75,Male,New York,Silver,9,3223,12/03/2023,TRUE
41,69,60-75,Female,Houston,Silver,10,181,01/12/2024,FALSE
42,47,45-60,Female,Houston,Gold,7,141,09/01/2023,FALSE
43,37,30-45,Female,Los Angeles,Bronze,15,3637,22/05/2023,TRUE
44,37,30-45,Male,Los Angeles,Silver,8,4455,26/01/2024,FALSE
45,32,30-45,Male,Miami,Silver,19,844,28/04/2023,FALSE
46,57,45-60,Male,Los Angeles,Gold,4,1986,06/07/2023,FALSE
47,50,45-60,Female,Houston,Silver,1,2794,11/11/2023,TRUE
48,19,15-30,Male,Houston,Silver,1,104,18/04/2024,FALSE
49,27,15-30,Male,Houston,Silver,13,4840,28/03/2024,FALSE
50,50,45-60,Female,Los Angeles,Gold,5,675,03/06/2024,FALSE
51,49,45-60,Female,Chicago,Bronze,19,4944,21/04/2023,FALSE
52,28,15-30,Male,New York,Bronze,3,4183,28/02/2024,FALSE
53,41,30-45,Male,Miami,Gold,19,4986,29/12/2023,FALSE
54,53,45-60,Male,Chicago,Silver,19,2235,10/08/2023,FALSE
55,29,15-30,Male,New York,Bronze,15,2942,23/08/2023,FALSE
56,68,60-75,Male,Los Angeles,Gold,8,1136,10/04/2023,FALSE
57,46,45-60,Male,Miami,Gold,12,4198,15/04/2024,TRUE
58,52,45-60,Female,Miami,Silver,11,4912,23/05/2023,FALSE
59,18,15-30,Male,Los Angeles,Silver,7,4313,27/07/2023,TRUE
60,18,15-30,Male,Chicago,Gold,10,2781,02/05/2024,FALSE
61,54,45-60,Male,New York,Gold,1,1869,08/12/2023,TRUE
62,23,15-30,Male,Houston,Gold,3,3812,21/08/2023,FALSE
63,56,45-60,Female,Houston,Bronze,18,1441,07/02/2023,FALSE
64,58,45-60,Male,New York,Silver,11,4707,24/01/2024,FALSE
65,35,30-45,Male,Houston,Gold,7,3785,12/06/2023,FALSE
66,33,30-45,Male,Chicago,Silver,4,2550,06/06/2023,FALSE
67,22,15-30,Female,Los Angeles,Bronze,9,2815,06/01/2023,FALSE
68,59,45-60,Female,Houston,Gold,13,4461,10/01/2023,FALSE
69,60,60-75,Male,Los Angeles,Silver,8,4820,01/06/2024,FALSE
70,49,45-60,Female,Houston,Bronze,1,4062,27/12/2023,FALSE
71,19,15-30,Female,Houston,Gold,12,880,15/06/2023,FALSE
72,19,15-30,Male,Miami,Silver,3,3923,22/09/2023,FALSE
73,57,45-60,Male,Houston,Gold,2,3402,28/01/2024,FALSE
74,59,45-60,Female,Miami,Silver,17,1621,17/09/2023,FALSE
75,53,45-60,Male,New York,Silver,12,202,16/04/2024,FALSE
76,56,45-60,Male,Houston,Bronze,6,4265,23/06/2023,FALSE
77,29,15-30,Female,Houston,Bronze,15,4538,26/01/2024,FALSE
78,64,60-75,Male,Houston,Bronze,12,162,10/08/2023,TRUE
79,36,30-45,Female,Miami,Bronze,11,3184,22/01/2024,FALSE
80,45,45-60,Male,Houston,Bronze,5,159,08/03/2023,FALSE
81,18,15-30,Male,Chicago,Silver,8,4693,23/02/2024,FALSE
82,32,30-45,Male,New York,Bronze,2,4558,26/01/2024,FALSE
83,53,45-60,Female,Los Angeles,Silver,6,3905,15/02/2024,FALSE
84,30,30-45,Female,Los Angeles,Silver,18,1600,15/09/2023,TRUE
85,60,60-75,Male,Miami,Gold,17,4140,12/04/2023,FALSE
86,38,30-45,Female,New York,Silver,17,1526,06/06/2023,FALSE
87,29,15-30,Male,New York,Silver,1,913,20/02/2024,FALSE
88,22,15-30,Male,Los Angeles,Bronze,19,4672,11/04/2023,FALSE
89,24,15-30,Male,Miami,Silver,4,299,30/09/2023,TRUE
90,22,15-30,Female,Chicago,Bronze,2,684,02/09/2024,FALSE
91,65,60-75,Male,New York,Silver,7,1722,22/08/2023,FALSE
92,21,15-30,Male,Los Angeles,Silver,1,4046,16/09/2023,FALSE
93,30,30-45,Male,Chicago,Bronze,9,4275,24/07/2023,FALSE
94,54,45-60,Female,Chicago,Gold,7,2019,26/07/2023,TRUE
95,58,45-60,Female,Chicago,Silver,12,2424,25/07/2023,FALSE
96,32,30-45,Female,Houston,Silver,5,1684,05/07/2023,FALSE
97,33,30-45,Female,Chicago,Bronze,6,1593,28/02/2024,FALSE
98,38,30-45,Male,Chicago,Bronze,8,1723,22/03/2024,FALSE
99,53,45-60,Female,Los Angeles,Gold,11,4677,09/01/2023,FALSE
100,41,30-45,Male,Miami,Gold,6,2287,20/12/2023,TRUE
101,33,30-45,Male,Houston,Gold,6,2300,26/05/2023,FALSE
102,31,30-45,Male,Los Angeles,Silver,5,2547,06/05/2023,FALSE
103,39,30-45,Male,Los Angeles,Silver,11,1789,04/02/2024,FALSE
104,66,60-75,Female,Chicago,Bronze,13,2019,26/06/2023,FALSE
105,67,60-75,Male,Houston,Bronze,17,2682,07/06/2023,TRUE
106,23,15-30,Male,Miami,Bronze,6,410,05/10/2023,FALSE
107,59,45-60,Female,Miami,Gold,14,2288,06/01/2023,FALSE
108,53,45-60,Female,Los Angeles,Gold,12,4515,13/04/2024,FALSE
109,18,15-30,Female,Houston,Gold,11,1042,22/01/2024,FALSE
110,49,45-60,Female,Los Angeles,Silver,8,4549,04/04/2024,FALSE
111,23,15-30,Male,Los Angeles,Silver,1,4783,11/07/2023,FALSE
112,48,45-60,Female,Miami,Bronze,17,914,16/04/2024,FALSE
113,18,15-30,Male,Miami,Gold,15,1234,14/01/2024,FALSE
114,67,60-75,Female,Los Angeles,Silver,1,2908,09/09/2023,FALSE
115,68,60-75,Male,Miami,Gold,15,1391,13/01/2024,FALSE
116,54,45-60,Male,Miami,Silver,4,4345,19/08/2023,FALSE
117,52,45-60,Male,Chicago,Gold,16,4277,08/09/2023,FALSE
118,66,60-75,Male,Chicago,Silver,9,1610,04/02/2024,FALSE
119,47,45-60,Male,New York,Silver,4,1949,16/02/2024,FALSE
120,21,15-30,Male,New York,Silver,5,4586,21/11/2023,TRUE
121,52,45-60,Female,Los Angeles,Silver,15,3055,02/11/2024,FALSE
122,60,60-75,Male,Los Angeles,Bronze,5,4385,09/08/2023,FALSE
123,31,30-45,Female,Los Angeles,Gold,18,468,12/07/2023,FALSE
124,66,60-75,Female,Los Angeles,Silver,4,3633,29/12/2023,FALSE
125,57,45-60,Male,Miami,Silver,19,2002,24/03/2024,FALSE
126,39,30-45,Male,New York,Gold,2,3831,14/03/2024,FALSE
127,27,15-30,Male,Los Angeles,Silver,13,349,13/04/2024,FALSE
128,18,15-30,Male,Chicago,Silver,8,1131,20/10/2023,FALSE
129,28,15-30,Female,Miami,Gold,13,1437,06/02/2023,FALSE
130,68,60-75,Female,New York,Bronze,16,756,10/04/2023,FALSE
131,61,60-75,Female,Miami,Bronze,1,2316,28/02/2024,FALSE
132,41,30-45,Female,Houston,Silver,2,4386,19/06/2023,TRUE
133,20,15-30,Male,Los Angeles,Bronze,14,1646,26/12/2023,FALSE
134,52,45-60,Male,Chicago,Bronze,2,397,15/02/2024,FALSE
135,53,45-60,Male,New York,Silver,4,3073,03/08/2024,FALSE
136,48,45-60,Male,Miami,Silver,8,3246,10/09/2023,TRUE
137,21,15-30,Male,New York,Bronze,5,1454,27/07/2023,FALSE
138,36,30-45,Female,Houston,Silver,7,3765,23/08/2023,FALSE
139,64,60-75,Male,Chicago,Silver,3,2056,29/04/2023,FALSE
140,53,45-60,Female,Miami,Bronze,14,3233,09/06/2023,TRUE
141,38,30-45,Female,Houston,Gold,7,949,19/06/2023,FALSE
142,35,30-45,Male,Chicago,Bronze,16,2005,16/04/2024,FALSE
143,68,60-75,Male,Los Angeles,Bronze,17,569,08/11/2023,FALSE
144,45,45-60,Male,New York,Bronze,17,1023,28/10/2023,FALSE
145,32,30-45,Female,Houston,Silver,19,2067,17/07/2023,FALSE
146,59,45-60,Male,New York,Bronze,10,1306,10/08/2023,FALSE
147,19,15-30,Female,New York,Silver,1,3628,25/11/2023,FALSE
148,54,45-60,Female,Houston,Gold,16,4165,22/05/2023,FALSE
149,28,15-30,Male,Houston,Bronze,17,1886,06/11/2023,FALSE
150,40,30-45,Female,Miami,Gold,11,3629,07/04/2023,FALSE
151,61,60-75,Male,Chicago,Bronze,5,704,04/12/2024,FALSE
152,58,45-60,Male,Los Angeles,Silver,8,4980,08/11/2023,TRUE
153,29,15-30,Female,Chicago,Gold,18,1324,14/05/2023,FALSE
154,20,15-30,Male,Los Angeles,Bronze,9,517,02/08/2024,FALSE
155,69,60-75,Female,Los Angeles,Gold,7,3807,03/10/2024,FALSE
156,34,30-45,Male,Miami,Silver,14,4594,19/01/2024,FALSE
157,50,45-60,Male,Chicago,Silver,6,1445,23/02/2024,FALSE
158,18,15-30,Female,Houston,Bronze,18,890,04/03/2024,TRUE
159,56,45-60,Male,New York,Bronze,6,3153,28/05/2023,FALSE
160,37,30-45,Female,Miami,Gold,5,4388,05/04/2023,FALSE
161,64,60-75,Male,Miami,Silver,3,3888,23/06/2023,FALSE
162,60,60-75,Male,Miami,Silver,18,2307,03/11/2024,FALSE
163,69,60-75,Male,Houston,Bronze,2,1506,26/07/2023,FALSE
164,58,45-60,Female,New York,Silver,8,3296,25/02/2024,TRUE
165,31,30-45,Female,Los Angeles,Silver,14,3255,02/09/2024,FALSE
166,48,45-60,Male,Houston,Silver,6,3268,21/06/2023,FALSE
167,42,30-45,Male,Chicago,Gold,5,1230,11/07/2023,TRUE
168,20,15-30,Female,Chicago,Gold,18,603,06/06/2023,FALSE
169,21,15-30,Male,Houston,Gold,16,3670,27/10/2023,FALSE
170,48,45-60,Male,Miami,Silver,8,2634,19/06/2023,TRUE
171,52,45-60,Female,Houston,Bronze,9,3901,05/09/2023,TRUE
172,61,60-75,Male,New York,Bronze,19,3126,25/02/2024,FALSE
173,31,30-45,Female,Los Angeles,Bronze,8,3607,05/02/2023,FALSE
174,66,60-75,Male,Los Angeles,Gold,3,3475,29/07/2023,TRUE
175,58,45-60,Female,Los Angeles,Silver,9,4651,24/07/2023,FALSE
176,26,15-30,Male,Los Angeles,Gold,19,3398,23/06/2023,FALSE
177,37,30-45,Female,Miami,Gold,18,4608,22/12/2023,FALSE
178,49,45-60,Male,Chicago,Bronze,9,2820,08/06/2023,TRUE
179,26,15-30,Female,Chicago,Bronze,8,1621,22/05/2023,FALSE
180,44,30-45,Male,Houston,Silver,2,2800,04/02/2024,TRUE
181,20,15-30,Male,Los Angeles,Gold,4,3772,05/02/2023,FALSE
182,21,15-30,Female,Chicago,Silver,16,1234,24/01/2024,FALSE
183,62,60-75,Male,New York,Gold,18,299,24/11/2023,TRUE
184,32,30-45,Female,Houston,Silver,2,557,03/03/2024,TRUE
185,50,45-60,Female,Miami,Gold,11,1419,06/11/2023,TRUE
186,22,15-30,Male,Chicago,Silver,19,261,09/01/2023,FALSE
187,21,15-30,Male,Los Angeles,Gold,8,2119,26/05/2023,FALSE
188,63,60-75,Male,Miami,Gold,12,2054,08/12/2023,FALSE
189,29,15-30,Male,New York,Bronze,6,1291,27/05/2023,FALSE
190,40,30-45,Female,New York,Gold,9,4003,17/03/2024,FALSE
191,31,30-45,Male,New York,Bronze,6,3834,22/09/2023,TRUE
192,63,60-75,Male,Miami,Silver,3,4935,17/10/2023,FALSE
193,29,15-30,Male,Chicago,Bronze,5,4249,30/11/2023,FALSE
194,34,30-45,Male,Chicago,Gold,2,2852,22/07/2023,FALSE
195,42,30-45,Male,Los Angeles,Bronze,1,2174,22/05/2023,FALSE
196,47,45-60,Male,Miami,Bronze,14,2191,01/03/2024,TRUE
197,39,30-45,Female,Chicago,Silver,16,682,16/12/2023,FALSE
198,64,60-75,Female,Houston,Bronze,5,2049,05/11/2023,TRUE
199,43,30-45,Male,Los Angeles,Silver,1,2153,20/02/2024,FALSE
200,34,30-45,Female,Chicago,Silver,5,1637,06/11/2023,TRUE
201,37,30-45,Male,Houston,Bronze,19,992,13/04/2024,FALSE
202,51,45-60,Male,Los Angeles,Gold,5,3770,11/07/2023,FALSE
203,58,45-60,Female,New York,Silver,6,126,08/01/2023,TRUE
204,50,45-60,Male,New York,Bronze,15,3817,09/01/2023,FALSE
205,54,45-60,Male,Houston,Silver,16,4094,21/10/2023,FALSE
206,24,15-30,Female,New York,Bronze,13,400,17/12/2023,FALSE
207,39,30-45,Male,Houston,Bronze,8,382,02/06/2024,FALSE
208,49,45-60,Male,Los Angeles,Gold,1,3004,16/07/2023,TRUE
209,31,30-45,Male,Chicago,Bronze,6,2796,04/12/2024,TRUE
210,25,15-30,Female,Los Angeles,Silver,11,4161,30/03/2024,FALSE
211,42,30-45,Male,Houston,Silver,12,3035,08/03/2023,FALSE
212,33,30-45,Male,Miami,Gold,7,1439,20/05/2023,FALSE
213,59,45-60,Male,Miami,Silver,2,889,04/01/2024,FALSE
214,36,30-45,Male,Houston,Gold,14,550,07/11/2023,TRUE
215,58,45-60,Female,New York,Bronze,16,3229,07/12/2023,FALSE
216,33,30-45,Male,Houston,Bronze,16,1177,13/10/2023,FALSE
217,29,15-30,Male,Chicago,Bronze,12,552,17/01/2024,TRUE
218,56,45-60,Male,Los Angeles,Gold,4,1018,27/08/2023,FALSE
219,65,60-75,Female,Houston,Silver,10,2486,20/06/2023,FALSE
220,47,45-60,Male,Chicago,Silver,5,2826,20/02/2024,FALSE
221,19,15-30,Male,Miami,Bronze,18,4645,12/03/2023,FALSE
222,49,45-60,Male,Houston,Silver,6,959,26/03/2024,FALSE
223,62,60-75,Female,New York,Gold,15,1515,19/07/2023,TRUE
224,42,30-45,Male,Houston,Gold,9,1497,27/04/2023,FALSE
225,42,30-45,Male,Miami,Gold,4,2625,18/12/2023,TRUE
226,21,15-30,Male,Chicago,Gold,6,956,04/03/2024,FALSE
227,36,30-45,Male,Houston,Silver,4,3632,16/11/2023,TRUE
228,65,60-75,Male,Houston,Gold,7,1449,02/06/2024,FALSE
229,21,15-30,Female,New York,Silver,2,4752,01/06/2024,FALSE
230,60,60-75,Male,Houston,Bronze,10,2644,27/09/2023,FALSE
231,30,30-45,Female,Los Angeles,Silver,13,3594,18/03/2024,FALSE
232,56,45-60,Female,Houston,Gold,6,4403,20/10/2023,FALSE
233,53,45-60,Male,Chicago,Silver,3,1124,11/05/2023,TRUE
234,40,30-45,Female,Los Angeles,Bronze,15,1559,22/03/2024,FALSE
235,23,15-30,Male,New York,Bronze,6,1832,27/08/2023,FALSE
236,41,30-45,Male,Chicago,Bronze,4,4858,07/08/2023,FALSE
237,61,60-75,Male,New York,Silver,16,3970,02/02/2024,FALSE
238,50,45-60,Male,Houston,Gold,2,2692,04/08/2024,FALSE
239,29,15-30,Female,Houston,Gold,11,731,27/04/2023,FALSE
240,58,45-60,Female,Houston,Silver,8,4803,12/11/2023,FALSE
241,38,30-45,Female,Miami,Gold,9,2248,31/05/2023,FALSE
242,28,15-30,Female,Miami,Gold,18,3079,10/09/2023,TRUE
243,61,60-75,Male,Miami,Silver,8,119,14/05/2023,FALSE
244,55,45-60,Female,Los Angeles,Bronze,8,3829,24/01/2024,FALSE
245,46,45-60,Male,Miami,Gold,10,2407,09/11/2023,FALSE
246,65,60-75,Male,Houston,Bronze,2,3872,29/06/2023,FALSE
247,58,45-60,Male,Houston,Gold,18,1779,21/08/2023,FALSE
248,20,15-30,Female,New York,Bronze,11,4572,23/12/2023,FALSE
249,45,45-60,Male,Chicago,Bronze,13,3066,18/10/2023,TRUE
250,37,30-45,Male,Chicago,Gold,16,2158,27/02/2024,FALSE
251,43,30-45,Male,Los Angeles,Gold,3,1168,15/09/2023,FALSE
252,41,30-45,Male,Chicago,Silver,1,2288,30/03/2024,FALSE
253,69,60-75,Male,Los Angeles,Gold,6,3175,21/10/2023,TRUE
254,64,60-75,Male,New York,Gold,1,1402,17/02/2024,FALSE
255,38,30-45,Male,Houston,Silver,18,752,03/10/2024,FALSE
256,47,45-60,Male,Houston,Bronze,15,3837,03/03/2024,FALSE
257,21,15-30,Male,Los Angeles,Silver,5,3262,27/06/2023,FALSE
258,53,45-60,Male,Miami,Bronze,5,4748,26/09/2023,FALSE
259,57,45-60,Male,New York,Silver,13,269,11/05/2023,FALSE
260,27,15-30,Female,Houston,Gold,13,1183,19/11/2023,FALSE
261,27,15-30,Male,Houston,Gold,5,3656,19/03/2024,FALSE
262,59,45-60,Female,New York,Bronze,16,2873,06/01/2023,FALSE
263,41,30-45,Male,Los Angeles,Gold,6,3626,21/04/2023,FALSE
264,21,15-30,Male,Miami,Bronze,14,1200,19/02/2024,TRUE
265,64,60-75,Male,Los Angeles,Silver,8,2795,28/07/2023,FALSE
266,44,30-45,Female,New York,Gold,15,1255,04/12/2024,TRUE
267,68,60-75,Female,Chicago,Bronze,6,2652,10/09/2023,TRUE
268,62,60-75,Male,Los Angeles,Silver,8,2845,07/11/2023,FALSE
269,21,15-30,Male,Chicago,Gold,5,2492,21/08/2023,FALSE
270,49,45-60,Male,New York,Gold,16,277,13/08/2023,FALSE
271,27,15-30,Female,Chicago,Bronze,10,3346,03/12/2024,FALSE
272,28,15-30,Female,Houston,Gold,6,3885,12/06/2023,FALSE
273,45,45-60,Male,Chicago,Bronze,2,4232,31/10/2023,FALSE
274,63,60-75,Female,Miami,Gold,1,4716,18/04/2024,FALSE
275,25,15-30,Male,Miami,Silver,2,583,30/03/2024,FALSE
276,57,45-60,Male,New York,Gold,10,1528,02/05/2024,FALSE
277,39,30-45,Male,Miami,Bronze,3,3217,19/11/2023,FALSE
278,51,45-60,Female,Chicago,Bronze,17,4029,05/07/2023,FALSE
279,62,60-75,Male,Houston,Bronze,19,4368,11/12/2023,FALSE
280,52,45-60,Male,New York,Silver,11,2749,14/04/2024,FALSE
281,52,45-60,Female,Los Angeles,Gold,17,1065,02/05/2024,FALSE
282,42,30-45,Male,Houston,Gold,18,4194,21/11/2023,TRUE
283,51,45-60,Male,Los Angeles,Gold,9,4299,25/03/2024,FALSE
284,23,15-30,Female,New York,Bronze,18,3486,18/04/2024,TRUE
285,58,45-60,Male,Los Angeles,Bronze,18,3114,14/05/2023,FALSE
286,54,45-60,Female,Houston,Gold,6,4811,14/07/2023,FALSE
287,18,15-30,Male,Miami,Bronze,10,4725,12/05/2023,FALSE
288,29,15-30,Male,New York,Gold,7,117,23/05/2023,FALSE
289,52,45-60,Male,Miami,Gold,13,1730,31/08/2023,TRUE
290,23,15-30,Female,Miami,Bronze,7,2005,14/04/2024,FALSE
291,34,30-45,Male,Miami,Gold,16,4976,07/10/2023,TRUE
292,26,15-30,Female,Houston,Bronze,2,1928,12/05/2023,FALSE
293,19,15-30,Female,Chicago,Gold,15,772,16/01/2024,FALSE
294,35,30-45,Female,Miami,Bronze,6,1507,26/12/2023,TRUE
295,66,60-75,Male,Chicago,Bronze,10,2653,02/02/2024,TRUE
296,53,45-60,Male,New York,Bronze,6,4873,24/02/2024,FALSE
297,45,45-60,Male,Los Angeles,Gold,7,1624,21/04/2023,FALSE
298,58,45-60,Female,Miami,Gold,12,3883,05/10/2023,FALSE
299,54,45-60,Male,Chicago,Silver,17,4434,30/12/2023,FALSE
300,66,60-75,Male,New York,Gold,19,1641,10/04/2023,TRUE
301,43,30-45,Male,Houston,Gold,17,4341,27/09/2023,FALSE
302,21,15-30,Male,New York,Gold,10,3702,16/12/2023,TRUE
303,57,45-60,Female,Houston,Silver,11,2693,16/05/2023,TRUE
304,53,45-60,Male,Los Angeles,Silver,10,2798,19/11/2023,TRUE
305,68,60-75,Female,Los Angeles,Gold,10,405,26/07/2023,TRUE
306,48,45-60,Female,Chicago,Gold,8,3693,26/01/2024,TRUE
307,47,45-60,Male,Houston,Bronze,11,766,03/10/2024,TRUE
308,67,60-75,Male,Houston,Gold,12,2280,06/02/2023,FALSE
309,51,45-60,Male,Los Angeles,Bronze,8,214,26/06/2023,FALSE
310,36,30-45,Male,New York,Gold,1,2377,28/04/2023,TRUE
311,35,30-45,Female,New York,Bronze,1,1909,11/12/2023,FALSE
312,47,45-60,Male,Chicago,Silver,3,864,04/02/2024,FALSE
313,38,30-45,Male,Los Angeles,Silver,16,1611,20/11/2023,FALSE
314,20,15-30,Male,Los Angeles,Gold,9,1994,29/09/2023,FALSE
315,23,15-30,Male,Miami,Silver,16,4810,22/04/2023,FALSE
316,55,45-60,Female,Chicago,Silver,15,670,08/08/2023,FALSE
317,30,30-45,Male,Los Angeles,Bronze,3,1051,28/04/2023,FALSE
318,62,60-75,Male,Miami,Silver,4,2310,22/04/2023,FALSE
319,20,15-30,Male,Houston,Gold,2,4159,31/03/2024,FALSE
320,65,60-75,Male,Miami,Gold,11,3880,16/01/2024,FALSE
321,45,45-60,Male,Los Angeles,Silver,5,2790,28/02/2024,TRUE
322,39,30-45,Male,New York,Gold,1,2641,06/10/2023,FALSE
323,57,45-60,Male,Chicago,Silver,19,893,27/07/2023,FALSE
324,57,45-60,Female,Houston,Gold,7,2286,20/06/2023,FALSE
325,29,15-30,Male,New York,Bronze,13,631,26/02/2024,FALSE
326,40,30-45,Male,Chicago,Silver,16,2065,18/03/2024,FALSE
327,48,45-60,Male,Houston,Gold,17,1971,31/07/2023,FALSE
328,35,30-45,Female,Houston,Bronze,19,2232,22/09/2023,FALSE
329,24,15-30,Male,Los Angeles,Silver,14,3609,09/11/2023,TRUE
330,25,15-30,Female,Miami,Gold,2,4147,04/07/2024,FALSE
331,36,30-45,Female,New York,Silver,4,4378,23/07/2023,FALSE
332,46,45-60,Female,Miami,Bronze,7,3975,06/11/2023,FALSE
333,61,60-75,Male,Los Angeles,Silver,8,3020,20/12/2023,FALSE
334,37,30-45,Male,Los Angeles,Bronze,17,4096,11/10/2023,FALSE
335,67,60-75,Male,New York,Bronze,3,4624,03/07/2024,FALSE
336,59,45-60,Male,Houston,Gold,11,1211,06/01/2023,TRUE
337,47,45-60,Female,Chicago,Bronze,3,2311,05/02/2023,FALSE
338,64,60-75,Female,Houston,Bronze,1,1142,09/08/2023,FALSE
339,39,30-45,Male,Miami,Gold,7,2738,12/08/2023,FALSE
340,27,15-30,Male,New York,Bronze,14,3915,19/06/2023,TRUE
341,43,30-45,Female,Los Angeles,Gold,7,2184,30/08/2023,FALSE
342,68,60-75,Male,Houston,Gold,16,1964,28/06/2023,FALSE
343,50,45-60,Male,New York,Bronze,6,1492,20/03/2024,FALSE
344,45,45-60,Male,Chicago,Silver,14,4721,01/12/2024,FALSE
345,27,15-30,Female,Los Angeles,Bronze,10,719,19/03/2024,TRUE
346,46,45-60,Male,Houston,Silver,14,415,16/03/2024,TRUE
347,61,60-75,Female,Los Angeles,Bronze,14,1363,15/10/2023,FALSE
348,35,30-45,Male,Miami,Gold,3,3652,18/06/2023,TRUE
349,59,45-60,Male,Chicago,Bronze,10,130,07/09/2023,FALSE
350,18,15-30,Male,Chicago,Gold,2,1709,09/10/2023,FALSE
351,40,30-45,Female,Chicago,Silver,14,4096,30/04/2023,FALSE
352,34,30-45,Female,Miami,Bronze,1,1472,05/12/2023,FALSE
353,60,60-75,Female,Houston,Silver,15,4984,05/11/2023,FALSE
354,54,45-60,Male,Houston,Bronze,5,1466,08/04/2023,FALSE
355,48,45-60,Female,Houston,Gold,8,2756,04/03/2024,TRUE
356,42,30-45,Male,Houston,Gold,17,3051,31/08/2023,FALSE
357,21,15-30,Female,Houston,Bronze,10,2425,31/01/2024,TRUE
358,69,60-75,Male,New York,Silver,13,696,29/09/2023,FALSE
359,26,15-30,Male,Miami,Bronze,18,3063,25/10/2023,FALSE
360,45,45-60,Male,Chicago,Bronze,5,951,02/05/2024,FALSE
361,47,45-60,Male,Houston,Bronze,17,2587,05/12/2023,FALSE
362,64,60-75,Male,Houston,Silver,17,782,14/04/2024,FALSE
363,41,30-45,Male,Chicago,Bronze,17,1649,26/02/2024,FALSE
364,50,45-60,Male,Chicago,Gold,4,3600,21/03/2024,FALSE
365,37,30-45,Male,New York,Bronze,9,2751,30/12/2023,FALSE
366,26,15-30,Male,Miami,Bronze,3,1565,19/04/2024,FALSE
367,25,15-30,Male,Los Angeles,Gold,1,4357,15/03/2024,FALSE
368,41,30-45,Male,New York,Bronze,7,2945,12/11/2023,TRUE
369,31,30-45,Female,Los Angeles,Silver,18,4405,13/03/2024,FALSE
370,35,30-45,Male,New York,Bronze,5,2737,29/11/2023,FALSE
371,18,15-30,Male,Miami,Silver,5,3709,28/10/2023,FALSE
372,29,15-30,Female,Miami,Bronze,3,3209,21/01/2024,FALSE
373,46,45-60,Female,Los Angeles,Bronze,12,2930,21/07/2023,FALSE
374,54,45-60,Female,Houston,Bronze,11,1025,08/05/2023,FALSE
375,43,30-45,Female,Houston,Silver,3,2047,30/10/2023,FALSE
376,50,45-60,Male,Houston,Gold,12,4476,15/02/2024,TRUE
377,60,60-75,Male,Los Angeles,Bronze,13,3403,17/09/2023,FALSE
378,32,30-45,Male,Houston,Bronze,10,1374,25/04/2023,FALSE
379,40,30-45,Female,Chicago,Bronze,4,3821,30/06/2023,FALSE
380,46,45-60,Male,Chicago,Gold,7,3103,07/07/2023,FALSE
381,38,30-45,Male,Miami,Bronze,11,973,09/06/2023,FALSE
382,36,30-45,Female,Los Angeles,Silver,17,2331,10/08/2023,FALSE
383,22,15-30,Female,Houston,Gold,9,1720,10/10/2023,FALSE
384,40,30-45,Female,Chicago,Silver,6,4394,26/10/2023,FALSE
385,53,45-60,Female,Houston,Silver,16,448,06/07/2023,FALSE
386,37,30-45,Male,New York,Gold,6,4454,10/11/2023,FALSE
387,25,15-30,Male,Houston,Gold,19,2315,03/03/2024,TRUE
388,26,15-30,Male,Miami,Bronze,1,4611,05/09/2023,FALSE
389,31,30-45,Male,New York,Gold,5,4004,05/12/2023,FALSE
390,23,15-30,Male,Los Angeles,Silver,1,4963,09/06/2023,FALSE
391,18,15-30,Male,Houston,Bronze,6,4859,13/07/2023,FALSE
392,26,15-30,Male,Houston,Gold,19,1819,07/06/2023,FALSE
393,33,30-45,Female,New York,Silver,14,292,13/02/2024,FALSE
394,33,30-45,Female,Miami,Gold,3,4999,16/09/2023,FALSE
395,29,15-30,Male,Miami,Bronze,16,1507,22/10/2023,FALSE
396,22,15-30,Male,Miami,Silver,9,3841,11/09/2023,FALSE
397,57,45-60,Male,Los Angeles,Gold,10,2467,26/01/2024,FALSE
398,46,45-60,Male,New York,Bronze,1,4149,26/06/2023,TRUE
399,63,60-75,Male,Chicago,Gold,7,2124,18/09/2023,FALSE
400,44,30-45,Male,Los Angeles,Bronze,1,2358,18/06/2023,FALSE
401,28,15-30,Female,Miami,Silver,10,4312,21/12/2023,FALSE
402,64,60-75,Female,Miami,Silver,18,4371,21/08/2023,FALSE
403,67,60-75,Female,Houston,Gold,4,2081,15/05/2023,FALSE
404,45,45-60,Male,Los Angeles,Silver,6,1262,25/09/2023,TRUE
405,69,60-75,Male,New York,Gold,18,2333,21/07/2023,FALSE
406,53,45-60,Female,Miami,Gold,19,2087,13/01/2024,FALSE
407,59,45-60,Male,Chicago,Silver,14,3720,27/05/2023,FALSE
408,36,30-45,Female,Houston,Gold,12,3591,22/09/2023,FALSE
409,52,45-60,Male,New York,Gold,1,1067,13/11/2023,FALSE
410,69,60-75,Male,New York,Silver,7,2906,10/06/2023,FALSE
411,48,45-60,Male,New York,Bronze,13,4014,21/09/2023,FALSE
412,61,60-75,Male,Houston,Gold,10,565,19/11/2023,FALSE
413,36,30-45,Male,Chicago,Gold,18,2101,15/06/2023,FALSE
414,63,60-75,Male,Miami,Gold,13,1504,06/10/2023,FALSE
415,41,30-45,Male,Houston,Silver,19,1345,02/02/2024,FALSE
416,19,15-30,Male,Houston,Bronze,7,2079,23/12/2023,FALSE
417,24,15-30,Male,Chicago,Silver,16,820,19/12/2023,TRUE
418,60,60-75,Female,New York,Silver,8,4637,10/10/2023,FALSE
419,66,60-75,Female,Miami,Silver,1,954,13/10/2023,FALSE
420,48,45-60,Female,Los Angeles,Bronze,6,839,23/06/2023,FALSE
421,34,30-45,Male,New York,Silver,5,1686,22/12/2023,FALSE
422,44,30-45,Female,New York,Silver,8,692,19/06/2023,FALSE
423,53,45-60,Male,Chicago,Silver,14,217,13/04/2024,TRUE
424,67,60-75,Female,Los Angeles,Bronze,12,2559,31/12/2023,FALSE
425,60,60-75,Male,Miami,Bronze,5,1427,25/11/2023,FALSE
426,27,15-30,Female,Miami,Bronze,7,550,05/10/2023,FALSE
427,62,60-75,Female,Miami,Bronze,7,111,22/09/2023,FALSE
428,31,30-45,Male,Chicago,Silver,9,4412,10/09/2023,FALSE
429,24,15-30,Male,Los Angeles,Bronze,7,4817,04/06/2024,FALSE
430,56,45-60,Male,Los Angeles,Gold,17,4709,07/09/2023,FALSE
431,57,45-60,Male,New York,Silver,3,449,15/07/2023,FALSE
432,26,15-30,Female,Houston,Gold,17,4243,03/06/2024,FALSE
433,31,30-45,Female,Los Angeles,Bronze,1,1360,02/04/2024,FALSE
434,25,15-30,Male,Miami,Gold,5,3158,30/10/2023,FALSE
435,34,30-45,Male,Miami,Silver,1,534,13/03/2024,FALSE
436,40,30-45,Male,Houston,Silver,18,1077,06/04/2023,FALSE
437,33,30-45,Female,Houston,Silver,17,607,24/05/2023,FALSE
438,43,30-45,Male,New York,Gold,9,850,06/03/2023,FALSE
439,26,15-30,Male,New York,Silver,19,1977,31/07/2023,FALSE
440,53,45-60,Male,Chicago,Silver,17,646,08/12/2023,TRUE
441,24,15-30,Female,Miami,Gold,11,2954,22/05/2023,FALSE
442,35,30-45,Male,Chicago,Bronze,1,1878,11/04/2023,TRUE
443,25,15-30,Male,Miami,Silver,9,461,25/04/2023,FALSE
444,38,30-45,Male,Chicago,Bronze,6,3145,06/10/2023,FALSE
445,43,30-45,Male,New York,Bronze,7,917,11/08/2023,FALSE
446,20,15-30,Female,Los Angeles,Silver,11,2656,30/01/2024,TRUE
447,34,30-45,Male,Houston,Gold,14,311,01/11/2024,FALSE
448,68,60-75,Male,Miami,Bronze,14,2967,16/09/2023,TRUE
449,63,60-75,Male,New York,Gold,3,901,12/06/2023,FALSE
450,41,30-45,Male,New York,Silver,5,3607,27/12/2023,FALSE
451,42,30-45,Female,New York,Silver,17,3041,14/02/2024,FALSE
452,22,15-30,Male,Chicago,Silver,15,171,04/02/2024,FALSE
453,54,45-60,Male,Houston,Silver,2,1564,08/10/2023,FALSE
454,62,60-75,Male,New York,Silver,8,2711,23/11/2023,FALSE
455,67,60-75,Male,Chicago,Silver,12,323,06/02/2023,TRUE
456,41,30-45,Female,New York,Gold,14,4897,26/10/2023,FALSE
457,48,45-60,Male,Chicago,Silver,5,1491,08/11/2023,FALSE
458,43,30-45,Female,Los Angeles,Bronze,2,806,09/01/2023,FALSE
459,38,30-45,Male,Chicago,Bronze,13,1277,14/02/2024,FALSE
460,51,45-60,Male,Miami,Silver,17,481,15/07/2023,FALSE
461,55,45-60,Male,Houston,Gold,6,4183,27/11/2023,FALSE
462,41,30-45,Male,Chicago,Silver,2,1589,28/07/2023,TRUE
463,45,45-60,Male,Houston,Silver,9,2351,21/10/2023,FALSE
464,47,45-60,Male,Chicago,Silver,2,3590,18/06/2023,FALSE
465,51,45-60,Male,Houston,Silver,1,2127,23/05/2023,FALSE
466,69,60-75,Male,Los Angeles,Gold,1,1039,14/04/2024,FALSE
467,69,60-75,Male,Miami,Bronze,3,4997,05/05/2023,FALSE
468,40,30-45,Male,Miami,Bronze,11,709,15/01/2024,TRUE
469,25,15-30,Male,Miami,Bronze,17,1112,12/08/2023,FALSE
470,59,45-60,Male,Chicago,Bronze,3,2340,04/01/2024,FALSE
471,67,60-75,Male,Miami,Bronze,8,4464,08/02/2023,FALSE
472,27,15-30,Male,New York,Bronze,6,341,20/06/2023,FALSE
473,18,15-30,Male,New York,Gold,14,4112,31/12/2023,FALSE
474,37,30-45,Male,Miami,Silver,1,1674,11/10/2023,FALSE
475,54,45-60,Male,Miami,Gold,8,2150,30/08/2023,FALSE
476,35,30-45,Male,Chicago,Gold,2,2079,08/05/2023,TRUE
477,38,30-45,Male,Miami,Gold,4,1314,14/03/2024,FALSE
478,66,60-75,Male,Houston,Gold,3,1430,05/12/2023,FALSE
479,21,15-30,Male,Los Angeles,Gold,3,3838,08/09/2023,TRUE
480,60,60-75,Male,Chicago,Gold,18,3696,03/05/2024,TRUE
481,19,15-30,Female,Chicago,Silver,6,3925,07/04/2023,TRUE
482,38,30-45,Male,New York,Gold,4,4609,13/06/2023,FALSE
483,54,45-60,Female,Chicago,Gold,7,2334,31/07/2023,FALSE
484,22,15-30,Female,Chicago,Bronze,13,1106,12/11/2023,FALSE
485,34,30-45,Male,Los Angeles,Bronze,11,2907,31/10/2023,FALSE
486,66,60-75,Male,Houston,Silver,15,166,23/10/2023,FALSE
487,65,60-75,Female,Los Angeles,Gold,13,3808,25/01/2024,FALSE
488,28,15-30,Female,Houston,Bronze,10,2453,07/07/2023,TRUE
489,63,60-75,Female,New York,Gold,6,3633,13/06/2023,TRUE
490,58,45-60,Female,Los Angeles,Bronze,8,2396,20/02/2024,FALSE
491,48,45-60,Male,Los Angeles,Bronze,11,4195,26/12/2023,FALSE
492,45,45-60,Male,Los Angeles,Bronze,15,973,07/05/2023,TRUE
493,61,60-75,Male,Miami,Bronze,17,971,02/03/2024,TRUE
494,49,45-60,Female,Miami,Gold,2,1795,14/11/2023,FALSE
495,38,30-45,Male,Los Angeles,Silver,15,1142,03/12/2024,FALSE
496,24,15-30,Female,Chicago,Bronze,10,2981,04/03/2024,FALSE
497,27,15-30,Male,New York,Bronze,13,4637,23/11/2023,FALSE
498,45,45-60,Male,Chicago,Silver,4,4610,01/12/2024,FALSE
499,65,60-75,Male,New York,Gold,4,505,30/12/2023,FALSE
500,53,45-60,Female,New York,Bronze,9,3463,04/02/2024,FALSE
501,37,30-45,Male,Miami,Silver,9,2118,10/03/2023,FALSE
502,30,30-45,Male,New York,Gold,14,3354,01/01/2024,FALSE
503,36,30-45,Female,Los Angeles,Gold,14,932,01/01/2024,FALSE
504,67,60-75,Female,Los Angeles,Gold,13,4957,03/11/2024,FALSE
505,28,15-30,Female,New York,Gold,15,4370,29/03/2024,FALSE
506,52,45-60,Female,Miami,Gold,17,708,08/02/2023,FALSE
507,51,45-60,Female,Chicago,Bronze,14,2316,23/01/2024,FALSE
508,61,60-75,Female,Miami,Bronze,7,4520,27/02/2024,FALSE
509,21,15-30,Male,Miami,Gold,12,3223,08/11/2023,FALSE
510,30,30-45,Female,Chicago,Silver,9,156,25/04/2023,FALSE
511,54,45-60,Male,Los Angeles,Gold,7,4184,10/12/2023,FALSE
512,19,15-30,Male,Houston,Bronze,15,1225,16/04/2024,TRUE
513,67,60-75,Male,Miami,Silver,15,3659,30/09/2023,TRUE
514,18,15-30,Male,Los Angeles,Bronze,9,2214,10/02/2023,TRUE
515,57,45-60,Female,New York,Bronze,12,645,05/09/2023,FALSE
516,42,30-45,Male,Miami,Silver,3,3071,14/01/2024,FALSE
517,54,45-60,Male,Miami,Gold,16,3025,07/05/2023,TRUE
518,53,45-60,Male,New York,Gold,3,3642,30/08/2023,FALSE
519,23,15-30,Male,Houston,Bronze,6,1934,23/02/2024,FALSE
520,24,15-30,Female,Houston,Silver,11,1130,07/09/2023,FALSE
521,21,15-30,Male,Chicago,Silver,7,1729,11/01/2023,TRUE
522,52,45-60,Male,New York,Bronze,6,2180,13/02/2024,FALSE
523,58,45-60,Male,Los Angeles,Silver,6,2313,18/09/2023,FALSE
524,51,45-60,Male,Los Angeles,Bronze,15,1774,16/04/2024,FALSE
525,46,45-60,Male,Houston,Silver,3,615,17/12/2023,FALSE
526,22,15-30,Male,Chicago,Gold,12,2813,24/05/2023,TRUE
527,44,30-45,Male,Chicago,Bronze,17,816,06/03/2023,FALSE
528,50,45-60,Female,Los Angeles,Silver,19,295,01/10/2024,FALSE
529,63,60-75,Female,Chicago,Silver,13,1862,05/11/2023,FALSE
530,69,60-75,Male,Houston,Silver,1,319,24/05/2023,TRUE
531,27,15-30,Male,Houston,Bronze,3,3221,14/08/2023,TRUE
532,23,15-30,Female,Chicago,Silver,1,4709,26/06/2023,FALSE
533,51,45-60,Female,Houston,Silver,17,2924,05/11/2023,FALSE
534,25,15-30,Male,Houston,Silver,5,4298,21/09/2023,FALSE
535,48,45-60,Male,Chicago,Bronze,5,4293,28/04/2023,FALSE
536,26,15-30,Male,Houston,Bronze,4,195,12/06/2023,FALSE
537,38,30-45,Female,New York,Gold,6,769,10/07/2023,FALSE
538,25,15-30,Male,Houston,Bronze,19,3936,07/12/2023,FALSE
539,21,15-30,Male,Miami,Bronze,11,4146,07/06/2023,FALSE
540,39,30-45,Male,Los Angeles,Bronze,17,1863,21/03/2024,FALSE
541,45,45-60,Male,New York,Gold,14,4284,12/12/2023,FALSE
542,62,60-75,Female,Chicago,Gold,16,2449,28/10/2023,FALSE
543,21,15-30,Female,Los Angeles,Silver,6,3562,01/04/2024,FALSE
544,56,45-60,Female,Miami,Bronze,10,2422,11/02/2023,FALSE
545,38,30-45,Male,Los Angeles,Silver,14,4869,17/01/2024,FALSE
546,25,15-30,Male,Houston,Silver,2,4192,01/03/2024,TRUE
547,37,30-45,Male,Los Angeles,Silver,12,2668,05/08/2023,TRUE
548,49,45-60,Male,Chicago,Bronze,3,946,02/08/2024,FALSE
549,18,15-30,Female,Houston,Bronze,14,2637,06/06/2023,FALSE
550,23,15-30,Female,Houston,Gold,8,799,04/02/2024,TRUE
551,45,45-60,Male,Miami,Gold,2,3723,01/11/2024,TRUE
552,61,60-75,Female,Los Angeles,Silver,4,1788,22/02/2024,FALSE
553,48,45-60,Male,Miami,Silver,19,1645,30/05/2023,FALSE
554,27,15-30,Male,Houston,Bronze,15,3525,25/11/2023,FALSE
555,37,30-45,Male,Houston,Gold,9,355,08/04/2023,FALSE
556,25,15-30,Male,Miami,Silver,2,2710,16/09/2023,FALSE
557,39,30-45,Female,Houston,Silver,11,4924,20/01/2024,FALSE
558,55,45-60,Male,Los Angeles,Gold,16,1523,21/02/2024,FALSE
559,46,45-60,Female,New York,Bronze,16,1362,20/11/2023,FALSE
560,26,15-30,Male,Miami,Silver,10,2474,23/12/2023,FALSE
561,61,60-75,Female,Chicago,Bronze,14,2977,11/05/2023,FALSE
562,64,60-75,Female,New York,Silver,7,501,26/02/2024,TRUE
563,18,15-30,Male,Chicago,Bronze,1,211,15/02/2024,FALSE
564,58,45-60,Male,Houston,Silver,7,1573,18/08/2023,TRUE
565,69,60-75,Male,New York,Silver,15,3204,05/01/2023,FALSE
566,56,45-60,Female,Houston,Silver,7,2618,22/03/2024,TRUE
567,43,30-45,Male,Houston,Bronze,2,2528,21/04/2023,TRUE
568,28,15-30,Female,Miami,Gold,15,4718,23/07/2023,TRUE
569,69,60-75,Female,Chicago,Bronze,1,2114,22/09/2023,FALSE
570,52,45-60,Male,Los Angeles,Bronze,15,1004,01/05/2024,FALSE
571,41,30-45,Female,Miami,Bronze,8,3193,02/06/2024,FALSE
572,50,45-60,Male,Miami,Silver,18,3803,29/08/2023,TRUE
573,37,30-45,Male,Chicago,Silver,8,2345,10/08/2023,FALSE
574,44,30-45,Female,Miami,Bronze,2,2431,24/05/2023,TRUE
575,32,30-45,Male,Chicago,Bronze,6,2366,29/12/2023,FALSE
576,50,45-60,Male,Miami,Silver,6,3492,09/02/2023,FALSE
577,69,60-75,Female,New York,Gold,7,1732,23/09/2023,FALSE
578,24,15-30,Male,Chicago,Silver,14,1906,15/11/2023,FALSE
579,51,45-60,Female,Los Angeles,Silver,13,3708,11/03/2023,FALSE
580,62,60-75,Female,Miami,Bronze,10,2983,11/03/2023,FALSE
581,68,60-75,Female,New York,Bronze,14,3501,22/05/2023,FALSE
582,63,60-75,Female,Los Angeles,Silver,10,1450,13/07/2023,FALSE
583,59,45-60,Female,Miami,Bronze,5,4263,14/03/2024,FALSE
584,22,15-30,Male,Miami,Silver,6,3584,25/06/2023,FALSE
585,47,45-60,Male,Houston,Gold,12,4816,21/08/2023,FALSE
586,45,45-60,Male,Miami,Bronze,6,3881,14/09/2023,FALSE
587,35,30-45,Female,Los Angeles,Gold,9,101,10/09/2023,FALSE
588,53,45-60,Male,Los Angeles,Silver,9,1269,19/05/2023,FALSE
589,20,15-30,Male,New York,Gold,3,531,05/09/2023,FALSE
590,38,30-45,Male,Houston,Bronze,15,536,23/12/2023,TRUE
591,63,60-75,Male,New York,Gold,2,4749,20/11/2023,FALSE
592,33,30-45,Male,New York,Bronze,14,2172,07/02/2023,FALSE
593,54,45-60,Male,Miami,Gold,2,2088,28/12/2023,FALSE
594,59,45-60,Female,New York,Bronze,8,1193,23/02/2024,FALSE
595,22,15-30,Male,Chicago,Silver,13,2808,06/01/2023,FALSE
596,67,60-75,Male,Houston,Gold,10,4007,30/03/2024,TRUE
597,68,60-75,Male,Miami,Gold,15,4542,04/12/2024,FALSE
598,31,30-45,Male,Chicago,Gold,13,1957,07/07/2023,FALSE
599,48,45-60,Male,Los Angeles,Bronze,17,2316,18/10/2023,FALSE
600,63,60-75,Female,Houston,Gold,4,4564,17/11/2023,FALSE
601,41,30-45,Male,Los Angeles,Gold,3,4554,05/09/2023,FALSE
602,52,45-60,Female,Los Angeles,Bronze,2,3090,28/02/2024,FALSE
603,53,45-60,Male,Miami,Bronze,18,505,15/12/2023,TRUE
604,27,15-30,Female,Chicago,Gold,12,4622,11/04/2023,TRUE
605,44,30-45,Female,Houston,Gold,17,1976,12/11/2023,FALSE
606,44,30-45,Male,Miami,Bronze,10,3888,15/05/2023,FALSE
607,40,30-45,Male,New York,Gold,17,3514,06/11/2023,FALSE
608,30,30-45,Male,Houston,Gold,4,3192,18/12/2023,FALSE
609,33,30-45,Male,Miami,Silver,10,4305,07/07/2023,FALSE
610,52,45-60,Female,Houston,Silver,16,877,05/01/2023,TRUE
611,44,30-45,Female,Houston,Gold,2,3359,05/07/2023,FALSE
612,69,60-75,Female,Miami,Silver,5,712,21/02/2024,FALSE
613,56,45-60,Male,Los Angeles,Silver,13,4195,03/02/2024,FALSE
614,64,60-75,Male,Los Angeles,Bronze,13,845,27/06/2023,FALSE
615,34,30-45,Male,Miami,Gold,3,3747,03/08/2024,FALSE
616,65,60-75,Male,Houston,Gold,15,2432,10/03/2023,TRUE
617,58,45-60,Female,Los Angeles,Silver,19,4578,13/06/2023,TRUE
618,18,15-30,Male,Chicago,Silver,3,2775,13/04/2024,FALSE
619,28,15-30,Male,New York,Gold,4,2544,27/01/2024,FALSE
620,29,15-30,Female,New York,Bronze,1,1864,18/03/2024,FALSE
621,31,30-45,Male,Chicago,Gold,17,209,15/10/2023,FALSE
622,25,15-30,Male,Chicago,Bronze,15,3451,29/07/2023,FALSE
623,48,45-60,Male,Chicago,Gold,4,1311,11/03/2023,FALSE
624,24,15-30,Female,Houston,Gold,1,1373,28/12/2023,FALSE
625,63,60-75,Female,Los Angeles,Bronze,12,2266,16/06/2023,FALSE
626,48,45-60,Male,Chicago,Bronze,17,2349,21/05/2023,FALSE
627,33,30-45,Female,Miami,Bronze,9,331,27/02/2024,FALSE
628,59,45-60,Male,New York,Bronze,10,1971,13/04/2024,TRUE
629,56,45-60,Male,New York,Bronze,3,111,16/12/2023,TRUE
630,61,60-75,Female,Chicago,Bronze,15,2157,29/02/2024,FALSE
631,36,30-45,Male,Los Angeles,Bronze,11,318,03/09/2024,FALSE
632,25,15-30,Male,Chicago,Silver,5,1519,10/10/2023,FALSE
633,46,45-60,Male,Miami,Gold,10,4325,19/03/2024,FALSE
634,19,15-30,Male,Chicago,Bronze,14,3069,23/06/2023,FALSE
635,59,45-60,Female,Houston,Silver,12,2140,04/04/2024,FALSE
636,20,15-30,Male,Chicago,Gold,9,3408,03/04/2024,FALSE
637,68,60-75,Male,Houston,Gold,6,1211,19/09/2023,FALSE
638,46,45-60,Male,Los Angeles,Gold,9,4984,25/06/2023,FALSE
639,32,30-45,Female,Los Angeles,Silver,3,4516,11/05/2023,FALSE
640,55,45-60,Male,Miami,Silver,13,1794,18/09/2023,FALSE
641,45,45-60,Male,Los Angeles,Gold,7,4361,04/03/2024,FALSE
642,54,45-60,Male,Houston,Silver,17,2721,22/06/2023,TRUE
643,49,45-60,Male,Los Angeles,Silver,18,4154,01/11/2024,FALSE
644,47,45-60,Female,Houston,Bronze,4,4301,26/07/2023,TRUE
645,68,60-75,Male,Miami,Silver,5,3563,05/10/2023,FALSE
646,64,60-75,Male,Houston,Gold,11,2853,11/07/2023,FALSE
647,47,45-60,Female,Chicago,Gold,18,1244,12/04/2023,FALSE
648,68,60-75,Female,Los Angeles,Silver,19,529,28/10/2023,FALSE
649,51,45-60,Male,New York,Silver,5,4738,27/07/2023,TRUE
650,30,30-45,Male,Chicago,Gold,16,1577,12/10/2023,FALSE
651,50,45-60,Female,Houston,Gold,18,3188,20/10/2023,TRUE
652,59,45-60,Female,Chicago,Silver,14,1679,03/09/2024,FALSE
653,34,30-45,Male,Chicago,Silver,17,1506,29/05/2023,FALSE
654,20,15-30,Male,Chicago,Bronze,9,635,13/05/2023,TRUE
655,26,15-30,Male,Chicago,Gold,14,1292,05/11/2023,FALSE
656,69,60-75,Female,Houston,Silver,12,2068,25/12/2023,FALSE
657,28,15-30,Male,Los Angeles,Silver,3,2955,29/08/2023,FALSE
658,66,60-75,Male,Los Angeles,Silver,18,3599,05/04/2023,FALSE
659,44,30-45,Male,Chicago,Gold,7,864,01/12/2024,FALSE
660,45,45-60,Female,New York,Bronze,3,2035,27/03/2024,TRUE
661,19,15-30,Female,Los Angeles,Silver,12,3608,02/06/2024,FALSE
662,18,15-30,Male,Houston,Bronze,15,1872,02/07/2024,FALSE
663,23,15-30,Male,Houston,Gold,9,4962,08/09/2023,FALSE
664,42,30-45,Male,Los Angeles,Bronze,18,1792,16/08/2023,TRUE
665,52,45-60,Male,Houston,Bronze,8,3669,06/07/2023,FALSE
666,33,30-45,Female,Houston,Bronze,10,3704,03/07/2024,TRUE
667,21,15-30,Male,Miami,Gold,12,3434,01/03/2024,TRUE
668,64,60-75,Male,Houston,Gold,5,1027,04/12/2024,FALSE
669,55,45-60,Male,Los Angeles,Silver,11,1341,14/01/2024,FALSE
670,61,60-75,Male,Los Angeles,Silver,3,2386,22/11/2023,TRUE
671,37,30-45,Male,New York,Silver,8,3569,01/05/2024,FALSE
672,42,30-45,Male,Chicago,Bronze,8,211,24/09/2023,TRUE
673,24,15-30,Female,Los Angeles,Bronze,1,1701,18/06/2023,TRUE
674,38,30-45,Female,Houston,Bronze,5,701,07/04/2023,FALSE
675,24,15-30,Female,New York,Gold,11,1683,25/11/2023,FALSE
676,46,45-60,Male,Miami,Silver,9,4750,02/04/2024,FALSE
677,69,60-75,Male,New York,Gold,13,2298,23/11/2023,FALSE
678,24,15-30,Male,Houston,Bronze,7,1959,06/03/2023,TRUE
679,20,15-30,Male,Los Angeles,Silver,3,1271,13/06/2023,FALSE
680,46,45-60,Female,New York,Gold,12,3457,19/11/2023,FALSE
681,46,45-60,Male,Houston,Silver,13,858,23/05/2023,TRUE
682,56,45-60,Female,Miami,Silver,16,1592,06/10/2023,FALSE
683,55,45-60,Male,New York,Silver,9,4561,19/11/2023,FALSE
684,23,15-30,Male,Houston,Bronze,9,3074,07/09/2023,FALSE
685,63,60-75,Female,Chicago,Bronze,14,1808,05/06/2023,FALSE
686,27,15-30,Female,Los Angeles,Silver,1,1587,12/05/2023,FALSE
687,54,45-60,Male,Houston,Bronze,1,2103,27/11/2023,TRUE
688,31,30-45,Male,Chicago,Gold,16,3081,04/06/2024,FALSE
689,39,30-45,Male,Los Angeles,Gold,18,2200,20/11/2023,TRUE
690,49,45-60,Male,Los Angeles,Gold,13,1444,05/06/2023,FALSE
691,35,30-45,Male,Los Angeles,Bronze,17,1653,31/12/2023,TRUE
692,53,45-60,Male,Chicago,Silver,12,4853,10/04/2023,FALSE
693,63,60-75,Male,New York,Gold,16,1547,28/08/2023,FALSE
694,69,60-75,Male,Chicago,Gold,1,4812,31/05/2023,FALSE
695,26,15-30,Male,Chicago,Bronze,15,4071,18/10/2023,FALSE
696,43,30-45,Female,Houston,Bronze,5,1438,27/05/2023,FALSE
697,39,30-45,Male,Houston,Bronze,19,3684,22/06/2023,TRUE
698,63,60-75,Male,Miami,Silver,18,2429,21/10/2023,FALSE
699,55,45-60,Male,Chicago,Silver,9,2488,04/09/2024,TRUE
700,40,30-45,Female,Chicago,Bronze,5,3777,05/06/2023,FALSE
701,34,30-45,Male,Miami,Gold,11,4645,14/10/2023,TRUE
702,43,30-45,Male,Chicago,Bronze,2,4082,16/10/2023,FALSE
703,64,60-75,Female,Chicago,Gold,2,842,21/07/2023,FALSE
704,55,45-60,Male,Miami,Bronze,15,360,26/04/2023,TRUE
705,19,15-30,Male,Miami,Silver,19,2369,17/08/2023,FALSE
706,23,15-30,Female,Miami,Gold,4,2593,25/10/2023,FALSE
707,24,15-30,Male,Los Angeles,Silver,17,2420,27/05/2023,FALSE
708,30,30-45,Male,Houston,Gold,6,3366,20/02/2024,FALSE
709,44,30-45,Male,Miami,Gold,4,2738,07/03/2023,FALSE
710,28,15-30,Female,Los Angeles,Bronze,16,3534,08/05/2023,TRUE
711,32,30-45,Male,Houston,Gold,14,789,22/04/2023,TRUE
712,26,15-30,Female,Miami,Bronze,9,124,08/03/2023,FALSE
713,25,15-30,Female,Chicago,Silver,8,4601,23/03/2024,TRUE
714,63,60-75,Male,Chicago,Bronze,12,1644,30/03/2024,FALSE
715,23,15-30,Male,Houston,Silver,9,812,23/06/2023,FALSE
716,65,60-75,Male,New York,Silver,9,4265,24/04/2023,FALSE
717,60,60-75,Male,Houston,Bronze,19,1732,18/09/2023,FALSE
718,21,15-30,Male,Los Angeles,Gold,6,4452,26/10/2023,FALSE
719,28,15-30,Male,Chicago,Silver,7,2519,04/08/2024,FALSE
720,68,60-75,Male,Chicago,Gold,6,362,05/03/2023,FALSE
721,45,45-60,Male,Miami,Silver,12,4594,24/02/2024,FALSE
722,43,30-45,Male,Los Angeles,Silver,16,1472,18/08/2023,FALSE
723,21,15-30,Female,New York,Silver,13,4505,07/02/2023,TRUE
724,32,30-45,Female,Los Angeles,Bronze,5,1153,25/07/2023,FALSE
725,36,30-45,Male,Los Angeles,Bronze,4,4150,12/09/2023,FALSE
726,23,15-30,Male,Los Angeles,Silver,19,2270,17/06/2023,FALSE
727,22,15-30,Female,Los Angeles,Bronze,18,841,21/12/2023,TRUE
728,35,30-45,Male,New York,Bronze,13,231,14/10/2023,FALSE
729,23,15-30,Male,Los Angeles,Silver,13,3246,17/04/2024,FALSE
730,48,45-60,Male,New York,Silver,1,3595,31/08/2023,TRUE
731,42,30-45,Male,Houston,Bronze,1,196,26/06/2023,FALSE
732,21,15-30,Female,Los Angeles,Bronze,7,516,05/05/2023,FALSE
733,23,15-30,Female,Miami,Silver,4,2418,08/05/2023,FALSE
734,58,45-60,Female,New York,Bronze,10,3651,23/10/2023,TRUE
735,54,45-60,Male,New York,Silver,9,3014,10/09/2023,TRUE
736,67,60-75,Male,Los Angeles,Gold,4,1959,19/12/2023,FALSE
737,42,30-45,Male,Miami,Silver,11,3057,17/09/2023,FALSE
738,51,45-60,Male,Miami,Silver,13,2485,19/09/2023,FALSE
739,36,30-45,Male,Los Angeles,Silver,9,3489,29/01/2024,FALSE
740,51,45-60,Female,Miami,Gold,7,3462,03/11/2024,FALSE
741,32,30-45,Male,New York,Silver,8,1734,10/05/2023,TRUE
742,67,60-75,Male,Los Angeles,Silver,19,1622,24/07/2023,TRUE
743,25,15-30,Male,Los Angeles,Silver,16,552,18/02/2024,FALSE
744,61,60-75,Female,Los Angeles,Gold,5,3065,06/01/2023,FALSE
745,64,60-75,Male,Houston,Gold,12,4230,06/12/2023,FALSE
746,66,60-75,Male,Los Angeles,Bronze,12,958,19/01/2024,FALSE
747,51,45-60,Female,Chicago,Gold,13,1836,02/12/2024,TRUE
748,35,30-45,Male,Chicago,Silver,1,3634,25/09/2023,FALSE
749,47,45-60,Female,New York,Silver,6,3079,07/10/2023,FALSE
750,30,30-45,Male,Houston,Bronze,7,2864,30/10/2023,FALSE
751,64,60-75,Male,Houston,Bronze,14,3637,07/05/2023,FALSE
752,50,45-60,Male,Miami,Silver,6,206,24/06/2023,FALSE
753,52,45-60,Female,Los Angeles,Bronze,19,565,13/08/2023,FALSE
754,69,60-75,Female,Chicago,Gold,13,1348,29/09/2023,FALSE
755,41,30-45,Male,Houston,Silver,15,4373,01/06/2024,FALSE
756,43,30-45,Male,Chicago,Silver,4,4719,23/08/2023,FALSE
757,64,60-75,Male,Chicago,Gold,10,422,20/08/2023,TRUE
758,68,60-75,Male,Los Angeles,Silver,6,890,24/07/2023,FALSE
759,61,60-75,Male,Chicago,Silver,2,3469,17/09/2023,FALSE
760,59,45-60,Female,New York,Gold,2,2335,28/10/2023,FALSE
761,64,60-75,Male,New York,Bronze,1,305,21/11/2023,TRUE
762,18,15-30,Male,Houston,Silver,16,4039,25/03/2024,FALSE
763,30,30-45,Male,Houston,Gold,11,1041,14/05/2023,FALSE
764,27,15-30,Male,Miami,Gold,13,4503,27/06/2023,FALSE
765,36,30-45,Female,Chicago,Bronze,14,2048,22/02/2024,FALSE
766,22,15-30,Male,Houston,Bronze,4,2486,05/01/2023,FALSE
767,25,15-30,Female,Los Angeles,Silver,11,2256,11/08/2023,FALSE
768,21,15-30,Female,Houston,Gold,10,1019,30/05/2023,FALSE
769,66,60-75,Female,New York,Silver,6,3438,14/04/2024,TRUE
770,30,30-45,Female,Chicago,Gold,14,2033,28/05/2023,FALSE
771,55,45-60,Female,New York,Gold,9,4017,27/06/2023,FALSE
772,63,60-75,Male,Houston,Silver,18,3175,22/11/2023,FALSE
773,66,60-75,Female,Houston,Silver,14,1264,21/09/2023,FALSE
774,63,60-75,Female,New York,Gold,4,2135,27/01/2024,TRUE
775,36,30-45,Male,Miami,Gold,1,3041,20/11/2023,FALSE
776,69,60-75,Male,Miami,Silver,15,4970,07/02/2023,FALSE
777,67,60-75,Male,Houston,Bronze,15,2968,17/02/2024,TRUE
778,25,15-30,Male,Miami,Gold,7,1539,23/11/2023,FALSE
779,44,30-45,Female,New York,Bronze,16,987,20/09/2023,FALSE
780,67,60-75,Male,Chicago,Silver,6,3471,03/12/2024,FALSE
781,64,60-75,Female,Houston,Bronze,1,761,19/10/2023,TRUE
782,47,45-60,Male,Los Angeles,Bronze,8,369,06/03/2023,FALSE
783,21,15-30,Male,Miami,Gold,8,1425,26/08/2023,FALSE
784,28,15-30,Female,Miami,Gold,18,640,12/04/2023,FALSE
785,38,30-45,Male,Los Angeles,Bronze,1,1441,03/09/2024,FALSE
786,60,60-75,Male,Los Angeles,Gold,16,4606,27/10/2023,FALSE
787,19,15-30,Female,New York,Bronze,12,406,03/12/2024,FALSE
788,38,30-45,Female,New York,Bronze,12,1651,16/01/2024,FALSE
789,34,30-45,Male,Miami,Silver,19,1233,20/05/2023,FALSE
790,60,60-75,Male,Chicago,Bronze,12,2699,30/10/2023,FALSE
791,68,60-75,Male,New York,Silver,7,4735,16/11/2023,FALSE
792,46,45-60,Male,New York,Gold,8,2826,25/04/2023,FALSE
793,44,30-45,Male,Houston,Bronze,4,634,20/11/2023,FALSE
794,41,30-45,Female,Houston,Silver,6,4009,10/02/2023,FALSE
795,66,60-75,Male,New York,Silver,18,4026,12/02/2023,FALSE
796,20,15-30,Male,Chicago,Silver,1,4005,08/03/2023,FALSE
797,56,45-60,Male,Miami,Bronze,12,2075,28/10/2023,FALSE
798,27,15-30,Male,Los Angeles,Gold,2,4867,18/09/2023,FALSE
799,20,15-30,Male,New York,Bronze,19,1057,18/12/2023,FALSE
800,62,60-75,Female,Chicago,Gold,15,4477,06/06/2023,TRUE
801,59,45-60,Male,Chicago,Silver,19,2124,24/07/2023,FALSE
802,43,30-45,Male,Chicago,Bronze,10,2987,15/06/2023,FALSE
803,54,45-60,Female,New York,Silver,7,1309,09/09/2023,FALSE
804,44,30-45,Female,New York,Gold,5,4763,17/06/2023,FALSE
805,22,15-30,Male,Chicago,Silver,12,2933,31/01/2024,FALSE
806,59,45-60,Male,Chicago,Silver,18,2074,25/02/2024,FALSE
807,28,15-30,Male,New York,Gold,1,3428,04/07/2024,FALSE
808,30,30-45,Female,Miami,Gold,12,2887,07/08/2023,FALSE
809,58,45-60,Male,New York,Silver,19,1329,14/04/2024,TRUE
810,51,45-60,Female,Houston,Gold,9,2912,12/05/2023,FALSE
811,55,45-60,Male,Chicago,Bronze,3,4460,11/11/2023,FALSE
812,57,45-60,Male,Miami,Bronze,19,419,24/07/2023,TRUE
813,50,45-60,Male,Los Angeles,Gold,7,3566,22/11/2023,FALSE
814,51,45-60,Male,New York,Bronze,15,4925,28/11/2023,FALSE
815,44,30-45,Female,Chicago,Silver,12,184,19/07/2023,FALSE
816,53,45-60,Male,New York,Gold,2,4456,25/08/2023,FALSE
817,43,30-45,Female,Los Angeles,Bronze,14,543,12/09/2023,FALSE
818,68,60-75,Female,New York,Gold,14,3211,10/12/2023,FALSE
819,42,30-45,Female,Miami,Bronze,2,2866,13/01/2024,FALSE
820,36,30-45,Male,Los Angeles,Gold,11,2898,07/02/2023,FALSE
821,38,30-45,Female,Houston,Silver,14,2271,19/10/2023,FALSE
822,48,45-60,Female,Houston,Silver,15,660,13/12/2023,FALSE
823,46,45-60,Male,Chicago,Gold,1,1410,03/09/2024,FALSE
824,26,15-30,Female,Houston,Bronze,12,1127,03/12/2024,FALSE
825,36,30-45,Female,New York,Bronze,8,2158,06/04/2023,FALSE
826,43,30-45,Female,Miami,Gold,4,1273,24/12/2023,FALSE
827,42,30-45,Male,Houston,Bronze,15,4109,08/03/2023,FALSE
828,57,45-60,Male,Chicago,Bronze,1,3038,18/09/2023,FALSE
829,60,60-75,Male,New York,Gold,9,1477,21/04/2023,FALSE
830,46,45-60,Female,Chicago,Bronze,4,4421,04/12/2024,FALSE
831,42,30-45,Male,Chicago,Silver,12,3351,12/06/2023,FALSE
832,36,30-45,Female,Miami,Bronze,2,3376,03/02/2024,TRUE
833,21,15-30,Male,Miami,Gold,7,664,13/12/2023,FALSE
834,62,60-75,Male,Chicago,Gold,15,3622,24/04/2023,FALSE
835,37,30-45,Male,Chicago,Gold,5,1981,08/10/2023,TRUE
836,63,60-75,Male,Houston,Silver,11,2638,20/09/2023,FALSE
837,18,15-30,Female,Houston,Bronze,4,2626,18/06/2023,TRUE
838,28,15-30,Male,Los Angeles,Gold,16,2496,03/08/2024,FALSE
839,21,15-30,Female,Miami,Gold,7,1010,22/09/2023,FALSE
840,24,15-30,Male,Houston,Gold,12,113,25/01/2024,FALSE
841,45,45-60,Female,Chicago,Bronze,3,2757,26/02/2024,FALSE
842,53,45-60,Female,Houston,Bronze,4,3962,07/09/2023,FALSE
843,24,15-30,Male,Los Angeles,Bronze,18,3416,24/11/2023,FALSE
844,37,30-45,Female,Houston,Bronze,11,1006,16/04/2024,FALSE
845,52,45-60,Male,Chicago,Bronze,1,4839,18/12/2023,TRUE
846,68,60-75,Male,Houston,Bronze,7,3331,06/07/2023,FALSE
847,68,60-75,Female,Houston,Gold,2,1109,04/02/2024,FALSE
848,56,45-60,Female,Miami,Silver,15,1508,31/12/2023,FALSE
849,38,30-45,Male,Miami,Gold,4,1660,17/08/2023,FALSE
850,61,60-75,Male,Los Angeles,Silver,18,440,24/01/2024,FALSE
851,18,15-30,Female,Los Angeles,Gold,8,4751,14/11/2023,FALSE
852,54,45-60,Female,Houston,Gold,15,830,09/11/2023,FALSE
853,63,60-75,Female,Miami,Silver,12,3131,03/09/2024,TRUE
854,59,45-60,Female,Miami,Gold,14,4037,05/02/2023,FALSE
855,20,15-30,Male,Houston,Silver,1,1470,21/06/2023,FALSE
856,51,45-60,Female,Miami,Silver,1,3331,09/06/2023,FALSE
857,30,30-45,Male,New York,Silver,19,3724,28/03/2024,FALSE
858,33,30-45,Male,Chicago,Gold,18,4419,05/11/2023,FALSE
859,51,45-60,Female,New York,Bronze,10,1388,21/04/2023,FALSE
860,41,30-45,Male,New York,Gold,6,4629,30/08/2023,FALSE
861,30,30-45,Male,New York,Gold,13,3848,11/10/2023,TRUE
862,23,15-30,Female,Miami,Silver,18,4382,15/01/2024,FALSE
863,56,45-60,Female,Houston,Silver,4,4441,02/12/2024,TRUE
864,19,15-30,Female,Los Angeles,Bronze,4,1332,18/04/2024,FALSE
865,28,15-30,Female,Chicago,Silver,3,2440,11/09/2023,FALSE
866,24,15-30,Male,Chicago,Bronze,6,1823,12/04/2023,FALSE
867,24,15-30,Male,New York,Gold,7,335,06/12/2023,FALSE
868,56,45-60,Female,Los Angeles,Silver,9,4304,28/08/2023,FALSE
869,56,45-60,Male,Houston,Gold,1,1395,19/10/2023,FALSE
870,29,15-30,Male,Los Angeles,Bronze,13,2161,13/09/2023,FALSE
871,68,60-75,Male,Los Angeles,Bronze,7,3837,30/03/2024,FALSE
872,39,30-45,Male,Chicago,Bronze,8,1844,30/07/2023,TRUE
873,68,60-75,Male,Miami,Gold,10,2966,19/02/2024,TRUE
874,68,60-75,Male,New York,Bronze,7,402,06/03/2023,FALSE
875,69,60-75,Male,Miami,Bronze,6,230,05/09/2023,FALSE
876,20,15-30,Male,Chicago,Gold,5,3333,27/05/2023,TRUE
877,30,30-45,Male,Los Angeles,Gold,8,4672,09/02/2023,FALSE
878,47,45-60,Male,New York,Bronze,16,4798,24/09/2023,FALSE
879,27,15-30,Male,Houston,Silver,4,1534,19/01/2024,TRUE
880,69,60-75,Female,Houston,Bronze,8,3628,10/12/2023,FALSE
881,26,15-30,Female,Los Angeles,Silver,9,4535,20/06/2023,FALSE
882,23,15-30,Female,Miami,Gold,19,511,17/01/2024,FALSE
883,61,60-75,Female,Miami,Gold,15,2877,26/08/2023,FALSE
884,19,15-30,Male,New York,Gold,8,3388,13/07/2023,FALSE
885,61,60-75,Female,Chicago,Gold,3,464,25/05/2023,TRUE
886,33,30-45,Male,Miami,Gold,3,2056,19/11/2023,TRUE
887,30,30-45,Male,Houston,Gold,17,1776,16/09/2023,FALSE
888,65,60-75,Male,Houston,Gold,14,4416,09/12/2023,TRUE
889,30,30-45,Male,Houston,Silver,14,4264,01/12/2024,FALSE
890,39,30-45,Female,Miami,Bronze,2,169,28/06/2023,FALSE
891,36,30-45,Male,Los Angeles,Bronze,14,1296,02/08/2024,FALSE
892,43,30-45,Female,Miami,Gold,11,2910,13/01/2024,FALSE
893,31,30-45,Male,Miami,Gold,14,1749,03/07/2024,FALSE
894,48,45-60,Male,New York,Gold,7,1884,08/06/2023,FALSE
895,46,45-60,Female,Chicago,Bronze,19,592,18/01/2024,FALSE
896,62,60-75,Female,Miami,Silver,8,3540,13/06/2023,FALSE
897,59,45-60,Male,Miami,Silver,14,514,17/11/2023,FALSE
898,39,30-45,Male,Chicago,Silver,4,388,03/10/2024,FALSE
899,24,15-30,Male,Houston,Bronze,11,1465,24/01/2024,FALSE
900,54,45-60,Male,Chicago,Silver,4,4135,13/11/2023,FALSE
901,66,60-75,Male,Miami,Gold,6,4057,09/10/2023,FALSE
902,58,45-60,Male,Los Angeles,Gold,6,3317,17/09/2023,FALSE
903,44,30-45,Male,New York,Bronze,2,4598,12/03/2023,TRUE
904,48,45-60,Male,New York,Silver,19,2823,28/10/2023,FALSE
905,23,15-30,Male,Chicago,Bronze,1,4495,02/05/2024,FALSE
906,33,30-45,Male,Chicago,Bronze,13,471,03/07/2024,FALSE
907,55,45-60,Female,Houston,Silver,14,2245,30/06/2023,TRUE
908,55,45-60,Male,New York,Silver,3,1069,07/10/2023,FALSE
909,67,60-75,Female,Chicago,Gold,19,2303,23/06/2023,TRUE
910,49,45-60,Male,Miami,Silver,17,4131,04/11/2024,FALSE
911,50,45-60,Male,Miami,Silver,4,788,21/06/2023,FALSE
912,66,60-75,Male,Los Angeles,Gold,13,325,11/02/2023,TRUE
913,34,30-45,Female,Los Angeles,Gold,9,4591,11/12/2023,FALSE
914,50,45-60,Male,Chicago,Gold,4,4433,17/02/2024,FALSE
915,28,15-30,Male,Houston,Gold,10,1618,16/12/2023,FALSE
916,30,30-45,Male,Houston,Silver,13,4613,07/01/2023,FALSE
917,47,45-60,Female,Houston,Bronze,18,2290,02/01/2024,TRUE
918,18,15-30,Male,Houston,Bronze,12,1490,28/03/2024,FALSE
919,47,45-60,Male,New York,Bronze,16,2819,21/09/2023,FALSE
920,44,30-45,Male,Houston,Gold,1,4003,19/10/2023,FALSE
921,57,45-60,Female,Los Angeles,Silver,14,3705,03/09/2024,TRUE
922,40,30-45,Male,Los Angeles,Bronze,7,766,19/12/2023,TRUE
923,37,30-45,Male,New York,Silver,5,2642,19/11/2023,FALSE
924,23,15-30,Female,Chicago,Silver,2,2533,08/10/2023,FALSE
925,54,45-60,Male,Miami,Gold,4,2076,21/12/2023,FALSE
926,37,30-45,Male,Los Angeles,Gold,10,935,27/12/2023,FALSE
927,54,45-60,Male,Los Angeles,Silver,15,2434,04/10/2024,FALSE
928,23,15-30,Female,New York,Silver,19,1093,01/02/2024,FALSE
929,46,45-60,Male,Los Angeles,Silver,15,2158,30/09/2023,TRUE
930,30,30-45,Male,Miami,Silver,19,1373,29/12/2023,FALSE
931,44,30-45,Female,New York,Silver,10,3818,19/03/2024,FALSE
932,67,60-75,Male,Houston,Silver,3,617,21/05/2023,FALSE
933,37,30-45,Male,Houston,Gold,11,2446,12/04/2023,TRUE
934,30,30-45,Male,Houston,Silver,18,298,21/09/2023,FALSE
935,56,45-60,Male,Miami,Silver,2,1802,07/03/2023,FALSE
936,25,15-30,Male,Chicago,Bronze,18,2665,30/12/2023,FALSE
937,34,30-45,Male,Los Angeles,Bronze,15,2818,17/05/2023,FALSE
938,47,45-60,Male,Miami,Bronze,16,4767,03/04/2024,FALSE
939,18,15-30,Male,Chicago,Gold,19,108,08/09/2023,FALSE
940,41,30-45,Female,New York,Silver,19,475,05/04/2023,TRUE
941,33,30-45,Male,Miami,Gold,12,1722,19/10/2023,FALSE
942,28,15-30,Male,New York,Silver,6,4979,18/12/2023,FALSE
943,21,15-30,Female,Chicago,Gold,12,4810,11/07/2023,FALSE
944,21,15-30,Male,Miami,Gold,7,2514,26/04/2023,FALSE
945,34,30-45,Female,Los Angeles,Gold,10,2648,15/01/2024,FALSE
946,66,60-75,Male,Chicago,Gold,12,4034,25/05/2023,FALSE
947,27,15-30,Female,Los Angeles,Bronze,16,4202,04/06/2024,TRUE
948,38,30-45,Male,New York,Gold,13,2158,06/01/2023,FALSE
949,55,45-60,Male,Los Angeles,Gold,13,4864,04/06/2024,FALSE
950,66,60-75,Male,Miami,Silver,14,2027,28/03/2024,FALSE
951,35,30-45,Male,Miami,Silver,6,1620,11/09/2023,FALSE
952,27,15-30,Female,Houston,Bronze,19,3686,24/04/2023,FALSE
953,62,60-75,Male,Los Angeles,Gold,10,3499,22/10/2023,FALSE
954,33,30-45,Female,Houston,Silver,9,4375,05/12/2023,FALSE
955,56,45-60,Female,Chicago,Gold,9,2423,19/06/2023,FALSE
956,32,30-45,Female,New York,Gold,9,3778,03/03/2024,FALSE
957,51,45-60,Female,Chicago,Gold,1,4322,22/04/2023,FALSE
958,22,15-30,Female,New York,Silver,1,1407,09/06/2023,FALSE
959,34,30-45,Male,Los Angeles,Silver,13,147,13/03/2024,TRUE
960,54,45-60,Male,Miami,Gold,19,2683,13/04/2024,FALSE
961,25,15-30,Male,Los Angeles,Gold,16,1054,17/09/2023,FALSE
962,41,30-45,Male,New York,Gold,13,2103,15/08/2023,TRUE
963,45,45-60,Female,Houston,Silver,18,1260,07/02/2023,FALSE
964,64,60-75,Female,New York,Gold,10,1777,02/08/2024,FALSE
965,25,15-30,Male,Houston,Bronze,14,778,15/09/2023,FALSE
966,40,30-45,Male,Chicago,Gold,3,910,27/07/2023,FALSE
967,52,45-60,Male,Miami,Bronze,1,3223,13/06/2023,FALSE
968,48,45-60,Male,Chicago,Silver,10,2216,29/11/2023,FALSE
969,34,30-45,Female,Los Angeles,Gold,7,3743,12/12/2023,FALSE
970,45,45-60,Female,Houston,Silver,4,2083,10/07/2023,FALSE
971,65,60-75,Male,Houston,Bronze,7,537,11/03/2023,FALSE
972,65,60-75,Male,Chicago,Silver,2,1490,16/07/2023,TRUE
973,68,60-75,Female,Miami,Silver,2,1750,10/07/2023,FALSE
974,29,15-30,Male,Miami,Silver,6,1541,22/11/2023,FALSE
975,41,30-45,Male,Chicago,Gold,2,188,17/03/2024,FALSE
976,32,30-45,Male,Miami,Silver,2,3392,04/06/2024,FALSE
977,57,45-60,Male,Los Angeles,Bronze,4,3897,29/11/2023,FALSE
978,48,45-60,Female,New York,Gold,6,2520,07/05/2023,TRUE
979,44,30-45,Male,Houston,Bronze,19,2856,12/06/2023,FALSE
980,52,45-60,Male,Houston,Bronze,2,1485,17/04/2024,FALSE
981,35,30-45,Male,Houston,Gold,4,2229,07/05/2023,TRUE
982,53,45-60,Male,New York,Silver,14,3837,14/01/2024,FALSE
983,25,15-30,Female,Los Angeles,Silver,3,1059,29/09/2023,FALSE
984,63,60-75,Male,Chicago,Silver,16,4360,26/06/2023,FALSE
985,66,60-75,Male,Miami,Silver,12,650,08/05/2023,TRUE
986,55,45-60,Male,Miami,Silver,2,4550,25/07/2023,FALSE
987,22,15-30,Female,New York,Bronze,10,3639,12/04/2023,FALSE
988,31,30-45,Male,Houston,Bronze,10,3405,16/10/2023,FALSE
989,55,45-60,Male,Miami,Gold,12,1967,11/06/2023,FALSE
990,37,30-45,Male,Chicago,Silver,17,1193,25/11/2023,FALSE
991,61,60-75,Male,Miami,Silver,10,433,28/12/2023,TRUE
992,26,15-30,Male,Houston,Silver,1,2082,11/06/2023,TRUE
993,50,45-60,Male,Chicago,Bronze,5,3654,08/11/2023,FALSE
994,35,30-45,Male,Houston,Gold,12,530,30/07/2023,FALSE
995,23,15-30,Male,Houston,Silver,4,1664,12/01/2023,TRUE
996,54,45-60,Male,New York,Gold,13,112,08/03/2023,FALSE
997,19,15-30,Male,Houston,Bronze,3,2453,15/02/2024,FALSE
998,47,45-60,Female,Chicago,Silver,1,1631,18/04/2024,FALSE
999,23,15-30,Male,New York,Bronze,5,3386,16/05/2023,FALSE
1000,34,30-45,Male,New York,Silver,11,2555,11/05/2023,FALSE
